iter	Logloss
0	0.5623260498
1	0.4863785553
2	0.3711185837
3	0.3266683578
4	0.3228256226
5	0.3207935333
6	0.3143045235
7	0.2927998161
8	0.2901839066
9	0.2881505966
